path,sha256
src/py_bugger/__init__.py,e3b0c44298fc1c149afbf4c8996fb92427ae41e4649b934ca495991b7852b855
src/py_bugger/buggers.py,daa95551f3fa21778a5dc278c24c490679e4ae2c6e88372d33be18cc1c49ac58
src/py_bugger/cli/__init__.py,e3b0c44298fc1c149afbf4c8996fb92427ae41e4649b934ca495991b7852b855
src/py_bugger/cli/cli_messages.py,05be4e2913dbd72b837b6d214d350571e9279cf8984e9cfe9ca3fc92b8f3a940
src/py_bugger/cli/cli_utils.py,9970cecac5354a2bfd5295fe500bdfa71729cc97f34148e65e425da8d41be27f
src/py_bugger/cli/config.py,42c15ceadbde73d0d323796e1530be95835bdfcec9567bbad2b0e88fc49447c3
src/py_bugger/py_bugger.py,81999622c9d84ad4190c4998249a1f96097dd7a2e15d5626339a122ca05d267d
src/py_bugger/utils/bug_utils.py,c577496381f9c0b4166b9b224fc00144736949991ff6a58f4bf2b28597989f35
src/py_bugger/utils/cst_utils.py,26a283cc5b92e2e5624b92e64e2c2f42cf25fd6abdce21ed22bcfbf862ff7d28
src/py_bugger/utils/file_utils.py,d38707b86cede86b9f7bbbf7b8294302fb344f3efdfc3213fe2180ce0faece02
src/py_bugger/utils/modification.py,8524521bb4725b3c0d0c9fc54408190d007d011bc51c8cdb265953bba3925544
tests/conftest.py,a8d64f7f4d9d810f19c71ee24484a893f58bd5b2845e281ebecee5dd87f646a9
tests/integration_tests/conftest.py,38891944bd7200cc144d8816f0be1cc3812d3fef401704a407556c88f7aaafe1
tests/integration_tests/test_modifications.py,3e3c9521a4c1084df9269fb6bd38cb47808061559d7eb3eafa3fd78f4f3965b1
